{
  "mode": "em_gaussian",
  "beta": [
    -2.211733375469559,
    0.05375590755498774,
    -0.35235314688676234,
    -0.4469746923934911,
    0.01227763088515001,
    -21.122026591500152,
    16.988680724928287,
    0.2663958262847617,
    0.6864863533390215,
    0.03668061917209686
  ],
  "gaussian_params": {
    "mu0": 9.363132596403046,
    "sigma0": 1.9876137016234088,
    "mu1": 12.047487187110498,
    "sigma1": 2.3485369255677844
  },
  "diagnostics": {
    "iters": 36,
    "converged": true,
    "final_log_likelihood": -165495.00172914524,
    "mean_p": 0.43055179613331135,
    "mean_r": 0.430873051677234
  }
}