{
  "mode": "em_gaussian",
  "beta": [
    -1.569680531395816,
    0.07543308344061317,
    -0.30132933112075616,
    -0.3703039216146438,
    0.011241249348228108,
    -14.790147423197046,
    0.05434537079037104,
    0.1609454717532765,
    0.6212664263495749,
    0.015808576141077398
  ],
  "gaussian_params": {
    "mu0": 9.284916331537126,
    "sigma0": 1.9506890424509005,
    "mu1": 12.033345292892907,
    "sigma1": 2.2962759125281673
  },
  "diagnostics": {
    "iters": 25,
    "converged": true,
    "final_log_likelihood": -119090.91664644414,
    "mean_p": 0.4384577040282097,
    "mean_r": 0.4383856170780344
  }
}