{
  "mode": "em_gaussian",
  "beta": [
    -0.9391268236011244,
    0.036604002820289014,
    -0.46333249766222284,
    -0.44661549643955545,
    -0.018338212691147975,
    -15.31414272046886,
    17.435726651885613,
    0.1866703974694249,
    0.60804509825955,
    0.08241938389938526
  ],
  "gaussian_params": {
    "mu0": 9.41980644684162,
    "sigma0": 1.9772376843809392,
    "mu1": 12.137783899080814,
    "sigma1": 2.310291226010156
  },
  "diagnostics": {
    "iters": 31,
    "converged": true,
    "final_log_likelihood": -146123.4797050624,
    "mean_p": 0.4385037165501159,
    "mean_r": 0.43874304928852237
  }
}