{
  "mode": "em_gaussian",
  "beta": [
    -2.324453335538949,
    0.039721987241511776,
    -0.2912142738273227,
    -0.4484779528176371,
    0.017194977293835845,
    -19.37616438702643,
    17.79949366707862,
    0.23201410468622272,
    0.6767774578610289,
    0.05647297412153905
  ],
  "gaussian_params": {
    "mu0": 9.314076926536329,
    "sigma0": 1.975197411697903,
    "mu1": 11.985205260351178,
    "sigma1": 2.344966732602514
  },
  "diagnostics": {
    "iters": 39,
    "converged": true,
    "final_log_likelihood": -135379.41762860192,
    "mean_p": 0.44677232420659274,
    "mean_r": 0.4473285996353339
  }
}