{
  "mode": "em_gaussian",
  "beta": [
    -0.4096569010601402,
    0.09561281990947351,
    -0.34444114798955666,
    -0.3627725093702902,
    -0.024350139342880238,
    -13.289208763034921,
    17.765481790553523,
    0.14465031438009995,
    0.5851208701166886,
    0.05444326272052635
  ],
  "gaussian_params": {
    "mu0": 9.32977622031396,
    "sigma0": 1.9464798849449698,
    "mu1": 12.117250329982099,
    "sigma1": 2.3106430607833643
  },
  "diagnostics": {
    "iters": 26,
    "converged": true,
    "final_log_likelihood": -114693.62310070614,
    "mean_p": 0.4586729163607427,
    "mean_r": 0.45889937804599545
  }
}