{
  "mode": "em_gaussian",
  "beta": [
    1.560586049156509,
    1.1331586821048292,
    -0.19676108285068758,
    1.2380340990632468,
    -0.09249368151329658,
    -65.11114725536666,
    -0.36492917216572224,
    0.41001417337064516,
    0.736854367857842,
    0.14641046989171436
  ],
  "gaussian_params": {
    "mu0": 10.386636445459565,
    "sigma0": 2.0329347823118837,
    "mu1": 13.509224494082387,
    "sigma1": 3.162368182399324
  },
  "diagnostics": {
    "iters": 27,
    "converged": true,
    "final_log_likelihood": -323614.2821520873,
    "mean_p": 0.28702166016039443,
    "mean_r": 0.28598287353898183
  }
}