{
  "mode": "em_gaussian",
  "beta": [
    -0.9343424006639903,
    0.09185526132680943,
    -0.34420676459743554,
    -0.34258964976649675,
    -0.013141398357620836,
    -13.292935695400875,
    17.460673669082404,
    0.14884198855568145,
    0.6286472775766796,
    0.05521693264097273
  ],
  "gaussian_params": {
    "mu0": 9.312485300819862,
    "sigma0": 1.9476265448109247,
    "mu1": 12.10717025186144,
    "sigma1": 2.2849329746851583
  },
  "diagnostics": {
    "iters": 25,
    "converged": true,
    "final_log_likelihood": -118994.75071819921,
    "mean_p": 0.4499756306130267,
    "mean_r": 0.45005655301559105
  }
}