{
  "mode": "em_gaussian",
  "beta": [
    -2.5895980793380007,
    0.25748065689247934,
    0.11140042303084562,
    0.03235085517036346,
    0.046795457643341615,
    -10.413867322752141,
    0.0004718647289580235,
    0.09527063092814816,
    0.6234523691032984,
    0.02778610614392941
  ],
  "gaussian_params": {
    "mu0": 9.241736448242373,
    "sigma0": 1.905432943699963,
    "mu1": 11.977925014523558,
    "sigma1": 2.451738817264025
  },
  "diagnostics": {
    "iters": 20,
    "converged": true,
    "final_log_likelihood": -88334.8967522899,
    "mean_p": 0.4582033604527622,
    "mean_r": 0.4576442360221792
  }
}