{
  "mode": "em_gaussian",
  "beta": [
    -1.329118662472184,
    0.19433723116845375,
    -0.19255048530526184,
    -0.2216568121701531,
    0.0025419727080353035,
    -10.344371205643219,
    17.927557400836303,
    0.11274902888639389,
    0.5815164511113269,
    0.055398339635094815
  ],
  "gaussian_params": {
    "mu0": 9.269301117352871,
    "sigma0": 1.9019418135733905,
    "mu1": 12.074821207884995,
    "sigma1": 2.3576389393656583
  },
  "diagnostics": {
    "iters": 20,
    "converged": true,
    "final_log_likelihood": -96517.91288818854,
    "mean_p": 0.45538184312267993,
    "mean_r": 0.4549512780655486
  }
}