{
  "mode": "em_gaussian",
  "beta": [
    -18.79314986611567,
    0.4660896078777099,
    2.8044272278935547,
    0.520004701286783,
    0.40169089394740587,
    0.8853945836888815,
    0.0,
    13.09972171853242,
    2.5556176083766746,
    -0.30954263740157323
  ],
  "gaussian_params": {
    "mu0": 10.83699390236777,
    "sigma0": 2.1425406166235343,
    "mu1": 18.98675238335176,
    "sigma1": 3.453537822734245
  },
  "diagnostics": {
    "iters": 13,
    "converged": true,
    "final_log_likelihood": -39701.82365631686,
    "mean_p": 0.5248001053383696,
    "mean_r": 0.5252374742891127
  }
}