{
  "mode": "em_gaussian",
  "beta": [
    -0.07457537662878751,
    0.9743882922942635,
    0.01108068586837242,
    1.4744903732077144,
    -0.01790462564727487,
    -3.040850748655683,
    -0.09501542937581263,
    0.16112037623553227,
    0.31389127641437564,
    0.0778166247822408
  ],
  "gaussian_params": {
    "mu0": 10.785769452877487,
    "sigma0": 2.0181652777342416,
    "mu1": 14.19163561434945,
    "sigma1": 3.2118645988941608
  },
  "diagnostics": {
    "iters": 17,
    "converged": true,
    "final_log_likelihood": -135202.4432872726,
    "mean_p": 0.42809206231368674,
    "mean_r": 0.4268662438346763
  }
}