{
  "mode": "em_gaussian",
  "beta": [
    0.7483323668829273,
    1.22034001121629,
    0.013225460457917067,
    1.6298078031139052,
    -0.045989996129195056,
    -57.50447458369872,
    -0.017397299236833356,
    0.21605851397512996,
    0.32652052366340756,
    0.18109173627042835
  ],
  "gaussian_params": {
    "mu0": 10.690886910209505,
    "sigma0": 2.042342519026367,
    "mu1": 14.059907544869713,
    "sigma1": 3.1431224587427815
  },
  "diagnostics": {
    "iters": 18,
    "converged": true,
    "final_log_likelihood": -153350.74394423622,
    "mean_p": 0.42790573934364967,
    "mean_r": 0.4273393178065021
  }
}