{
  "mode": "em_gaussian",
  "beta": [
    1.495209802923645,
    0.5427891556905056,
    1.0741015499138598,
    0.531896856099348,
    -0.05041018690591102,
    -676.9224104947377,
    -1.8307465019133053,
    0.02546799573292405,
    0.33724940224660055,
    -0.1699857079747127
  ],
  "gaussian_params": {
    "mu0": 11.627562693079685,
    "sigma0": 2.4933082263866853,
    "mu1": 15.15667299804968,
    "sigma1": 3.425650427014743
  },
  "diagnostics": {
    "iters": 104,
    "converged": true,
    "final_log_likelihood": -351772.00433818204,
    "mean_p": 0.1914116086922897,
    "mean_r": 0.19016027394890295
  }
}