{
  "mode": "em_gaussian",
  "beta": [
    1.2455474585585362,
    1.1956736968186121,
    0.034086393471426495,
    0.4037862234445994,
    -0.07380049631276094,
    -48.8685289901799,
    -0.21940864060251825,
    0.3238255065569471,
    0.5021976008289908,
    0.11689542183470168
  ],
  "gaussian_params": {
    "mu0": 10.750837428738272,
    "sigma0": 2.158505451511241,
    "mu1": 13.721584086550347,
    "sigma1": 2.9609479439301403
  },
  "diagnostics": {
    "iters": 77,
    "converged": true,
    "final_log_likelihood": -401952.4238836112,
    "mean_p": 0.33356056932175165,
    "mean_r": 0.3341804560368787
  }
}