{
  "mode": "em_gaussian",
  "beta": [
    0.9733696124803136,
    1.1569222330489304,
    0.050638686323856284,
    0.3063745266372883,
    -0.0673718984426568,
    -40.33856659815492,
    -0.1729467570993033,
    0.2827848341265708,
    0.47435623444473435,
    0.09898716531770911
  ],
  "gaussian_params": {
    "mu0": 10.806240632749436,
    "sigma0": 2.169369159105101,
    "mu1": 13.788846738765134,
    "sigma1": 2.9651664129546016
  },
  "diagnostics": {
    "iters": 383,
    "converged": true,
    "final_log_likelihood": -401761.2121781263,
    "mean_p": 0.32662791232547067,
    "mean_r": 0.3275334228050289
  }
}