{
  "mode": "em_gaussian",
  "beta": [
    0.6774163250603211,
    1.1653729258760341,
    0.034240383298081434,
    1.5765478557027395,
    -0.04112612666734042,
    -35.82371880629633,
    -0.019734252360118436,
    0.1987357930963124,
    0.20968404732363077,
    0.12592517883370774
  ],
  "gaussian_params": {
    "mu0": 10.788673773903076,
    "sigma0": 2.0711221932550283,
    "mu1": 14.187612880058039,
    "sigma1": 3.1281886201418505
  },
  "diagnostics": {
    "iters": 18,
    "converged": true,
    "final_log_likelihood": -154035.06476189004,
    "mean_p": 0.43367360361990565,
    "mean_r": 0.43276294218400974
  }
}