{
  "mode": "em_gaussian",
  "beta": [
    1.5089456831733898,
    0.9702523300184172,
    0.18509650925125978,
    0.3125122921091239,
    -0.07062932981119945,
    -6.21569057732423,
    -0.6658112355268273,
    0.16807524539644403,
    0.45224484290105765,
    0.06093810258968009
  ],
  "gaussian_params": {
    "mu0": 10.89143445120894,
    "sigma0": 2.2367315066486344,
    "mu1": 13.60273135494852,
    "sigma1": 2.8840706589125173
  },
  "diagnostics": {
    "iters": 35,
    "converged": true,
    "final_log_likelihood": -511374.7782359641,
    "mean_p": 0.3232367876434295,
    "mean_r": 0.3217135462521096
  }
}