{
  "mode": "em_gaussian",
  "beta": [
    6.690900570035551,
    0.4705967444196906,
    -1.2417736152994334,
    -0.027038685197313794,
    -0.22593595421655946,
    2.7540040555535397,
    0.6452250409257553,
    0.2132607401701481,
    0.51054207735557,
    -0.007643492053523786
  ],
  "gaussian_params": {
    "mu0": 9.870648854751195,
    "sigma0": 1.9732021876750236,
    "mu1": 12.48365289316484,
    "sigma1": 2.3239131299463667
  },
  "diagnostics": {
    "iters": 28,
    "converged": true,
    "final_log_likelihood": -133960.0788989582,
    "mean_p": 0.40944770740249664,
    "mean_r": 0.40903065670303734
  }
}