{
  "mode": "em_gaussian",
  "beta": [
    -729.1030411788929,
    -148.19740419523163,
    -201.17894390850955,
    33.15993343756274,
    4.187749341966091,
    -1178.879489501055,
    -5.949112169171723,
    5.3974952060686086,
    -16.241982803441996,
    -17.26750473080213
  ],
  "gaussian_params": {
    "mu0": 12.92355627612064,
    "sigma0": 3.4757468225325634,
    "mu1": 15.549124202684407,
    "sigma1": 3.460157760173839
  },
  "diagnostics": {
    "iters": 50,
    "converged": true,
    "final_log_likelihood": -184978.082668826,
    "mean_p": 0.01933109776939271,
    "mean_r": 0.019332435975126315
  }
}