{
  "mode": "em_gaussian",
  "beta": [
    1.3165427481422793,
    1.0099763835363276,
    0.0053241107874106245,
    0.5336966201128968,
    -0.048594121123817245,
    -68.78902860754236,
    -10.536031926141762,
    0.2848009199641244,
    0.30362810123038353,
    0.08881465990318706
  ],
  "gaussian_params": {
    "mu0": 10.773000680015917,
    "sigma0": 2.0937876322442825,
    "mu1": 13.785480415777979,
    "sigma1": 3.03258377161129
  },
  "diagnostics": {
    "iters": 22,
    "converged": true,
    "final_log_likelihood": -289617.3801177546,
    "mean_p": 0.3999553572453277,
    "mean_r": 0.3993775889316315
  }
}