{
  "mode": "em_gaussian",
  "beta": [
    2.3057593896435242,
    0.42658516805406294,
    1.8440996105106569,
    1.161133372771397,
    -0.0713424077117024,
    -11010.010828102118,
    -0.551269945154348,
    0.14568680940759557,
    0.8278180209919089,
    -0.19666492638036656
  ],
  "gaussian_params": {
    "mu0": 11.845933637238652,
    "sigma0": 2.672718110920758,
    "mu1": 16.178899670509036,
    "sigma1": 3.4719143188255766
  },
  "diagnostics": {
    "iters": 139,
    "converged": true,
    "final_log_likelihood": -322099.13270824624,
    "mean_p": 0.11276387790410405,
    "mean_r": 0.11285113643173318
  }
}