{
  "mode": "em_gaussian",
  "beta": [
    1.557527791955204,
    1.0355260713813799,
    0.14616513729215627,
    0.3898624077295661,
    -0.07535307189112143,
    -15.748864373061085,
    -0.061117810504732736,
    0.22125876161877492,
    0.48960252728127424,
    0.08140764342422224
  ],
  "gaussian_params": {
    "mu0": 10.79395527038863,
    "sigma0": 2.202349885018,
    "mu1": 13.59798718733386,
    "sigma1": 2.8693957836040713
  },
  "diagnostics": {
    "iters": 32,
    "converged": true,
    "final_log_likelihood": -493078.4638439135,
    "mean_p": 0.32452802716659995,
    "mean_r": 0.3231499621680334
  }
}