{
  "mode": "em_gaussian",
  "beta": [
    208.08131664250723,
    1.0653033704661898,
    26.11694933984597,
    0.006997672458829061,
    -3.2679303049057795,
    -1704.8285104435686,
    0.0,
    -20.278746499835847,
    1.6756417238260988,
    -0.3205058142933232
  ],
  "gaussian_params": {
    "mu0": 11.29260375189623,
    "sigma0": 2.6160330840950192,
    "mu1": 17.402327936279963,
    "sigma1": 3.9416757633924138
  },
  "diagnostics": {
    "iters": 51,
    "converged": true,
    "final_log_likelihood": -182696.12477728768,
    "mean_p": 0.16363002012849756,
    "mean_r": 0.1639565102242852
  }
}