{
  "mode": "em_gaussian",
  "beta": [
    -2.6203975479446022,
    -1.3540270822223102,
    1.9431436945672909,
    -0.3697453552773273,
    -0.03626400679159685,
    -1.9769258292383312,
    10.929602710608487,
    0.001278460455788558,
    0.5482904250563821,
    -0.1981692558440504
  ],
  "gaussian_params": {
    "mu0": 12.168133157223847,
    "sigma0": 2.850628270305028,
    "mu1": 24.546824082607447,
    "sigma1": 3.643975231689598
  },
  "diagnostics": {
    "iters": 319,
    "converged": true,
    "final_log_likelihood": -170474.3198432799,
    "mean_p": 0.06694504998538241,
    "mean_r": 0.06663307774543155
  }
}