{
  "mode": "em_gaussian",
  "beta": [
    1.9953461217241446,
    1.08774995116113,
    -0.031597857604227786,
    0.4730493862560562,
    -0.05979275970759864,
    -49.61370873957594,
    -19.854969027555438,
    0.32208715838015733,
    0.3860062279689955,
    0.09700458781568808
  ],
  "gaussian_params": {
    "mu0": 10.75797941469039,
    "sigma0": 2.119774062296086,
    "mu1": 13.728033109795687,
    "sigma1": 2.9996732463497238
  },
  "diagnostics": {
    "iters": 24,
    "converged": true,
    "final_log_likelihood": -341510.4630469699,
    "mean_p": 0.37762835623870983,
    "mean_r": 0.3770249152052526
  }
}