{
  "mode": "em_gaussian",
  "beta": [
    1.3623069165544783,
    1.2465522586227598,
    -0.021720865868425136,
    0.5021257952760251,
    -0.07495547640227432,
    -64.11136344380884,
    -0.2148496170507305,
    0.4603489649163035,
    0.4818906617987716,
    0.12480634375110704
  ],
  "gaussian_params": {
    "mu0": 10.69401112662824,
    "sigma0": 2.1372099272256024,
    "mu1": 13.636770160832345,
    "sigma1": 2.9702754420500974
  },
  "diagnostics": {
    "iters": 73,
    "converged": true,
    "final_log_likelihood": -388422.9426514982,
    "mean_p": 0.3546739932650623,
    "mean_r": 0.3549628700427876
  }
}