{
  "mode": "em_gaussian",
  "beta": [
    -1.2990637008772619,
    0.10965368916945507,
    -0.3109479196181609,
    -0.3356757770923818,
    0.002463199699416579,
    -13.570974464886403,
    4.138114211658833,
    0.14519508674649248,
    0.6241961361927533,
    0.041486670995617245
  ],
  "gaussian_params": {
    "mu0": 9.30956697668964,
    "sigma0": 1.9597763813112306,
    "mu1": 12.061437799742201,
    "sigma1": 2.2837286449826233
  },
  "diagnostics": {
    "iters": 26,
    "converged": true,
    "final_log_likelihood": -116216.52966216825,
    "mean_p": 0.43910513943347446,
    "mean_r": 0.43894236067083264
  }
}