{
  "mode": "em_gaussian",
  "beta": [
    -0.8192722018396705,
    0.07886762946588291,
    -0.3810740114812881,
    -0.35574077368330054,
    -0.01651818098429842,
    -13.487743026269486,
    17.176787341997876,
    0.1519306612382894,
    0.6149525007421597,
    0.06770438946377524
  ],
  "gaussian_params": {
    "mu0": 9.338137263493703,
    "sigma0": 1.9498577694243346,
    "mu1": 12.120884551943893,
    "sigma1": 2.288070987350135
  },
  "diagnostics": {
    "iters": 26,
    "converged": true,
    "final_log_likelihood": -121481.24954671727,
    "mean_p": 0.4484606217303335,
    "mean_r": 0.44858184339569357
  }
}