{
  "mode": "em_gaussian",
  "beta": [
    0.7024267676478603,
    -0.030690118886954703,
    -0.6181236256828417,
    -0.6095910981169441,
    -0.058669966228906766,
    -20.924259843761703,
    16.723382467580134,
    0.25971069682183895,
    0.5480840477810357,
    0.093457829983959
  ],
  "gaussian_params": {
    "mu0": 9.513242405174294,
    "sigma0": 2.0004522953822357,
    "mu1": 12.143459994082885,
    "sigma1": 2.3136901560576515
  },
  "diagnostics": {
    "iters": 43,
    "converged": true,
    "final_log_likelihood": -141206.04386902222,
    "mean_p": 0.47487059548768495,
    "mean_r": 0.4754895245170312
  }
}