{
  "mode": "em_gaussian",
  "beta": [
    -1.4462546708372686,
    0.19243400291628185,
    -0.15374945578719032,
    -0.1902589780864322,
    0.016065184837584005,
    -11.047523910971782,
    0.029023562692559023,
    0.10300749401199637,
    0.6129950867242561,
    0.03655437911743391
  ],
  "gaussian_params": {
    "mu0": 9.224846495261009,
    "sigma0": 1.9008218338837661,
    "mu1": 12.023386904429609,
    "sigma1": 2.3622290143408278
  },
  "diagnostics": {
    "iters": 19,
    "converged": true,
    "final_log_likelihood": -92823.8328121021,
    "mean_p": 0.4518420807891986,
    "mean_r": 0.45116855835317915
  }
}