{
  "mode": "em_gaussian",
  "beta": [
    141.5019516517415,
    -0.3113841463210486,
    0.20066870763507855,
    2.0017019077920364,
    0.011258832444377614,
    -1274.0384864307764,
    -2894.990775564571,
    0.015027615853441778,
    0.9550589680235159,
    -0.3475748235724559
  ],
  "gaussian_params": {
    "mu0": 11.473884580158389,
    "sigma0": 2.5497451729679357,
    "mu1": 17.49954519688354,
    "sigma1": 3.9032780893769066
  },
  "diagnostics": {
    "iters": 55,
    "converged": true,
    "final_log_likelihood": -229075.2795902514,
    "mean_p": 0.10819678406464056,
    "mean_r": 0.10783594889688865
  }
}